Profcoll_Fee,NTF,OSP ,DPD_Beginning,AMT_LLP_Beginning,AMT_LLP_Projection,Price_List,OS_LC
12250000,58745500,41258471.29,166,20629235.65,41258471.29,48216001.75,1654179.93
1200000,4743877.55,4743877.55,30,166035.7143,498107.1428,7200000,0
10205000,61645500,26932886.53,198,26932886.53,26932886.53,60614402.2,3787298.74
700000,5671176,1650117.66,3421,1650117.66,1650117.66,2300000,32400
1250000,6852791.88,2350597.42,1173,2350597.42,2350597.42,4500000,1571582.5
1500000,6617346.94,4097561.52,235,4097561.52,4097561.52,5400000,577598.86
1500000,6617346.94,4097561.52,235,4097561.52,4097561.52,5400000,577598.86
1500000,8840816.33,6916458.32,9,242076.0412,726228.1236,11500000,411650
1500000,8497959.18,3264126.96,528,3264126.96,3264126.96,9300000,1181400
1200000,8054166.67,1830708.82,690,1830708.82,1830708.82,8000000,208950
1200000,7950515.46,3181305.58,53,334037.0859,334037.0859,10500000,1170345
1500000,5946875,3853025.66,325,3853025.66,3853025.66,6900000,210537.43
1500000,7696144.8,1548746.52,1361,1548746.52,1548746.52,6900000,2206947.5
1200000,6544503,4642838,2875,4642838,4642838,3200000,241560
5000000,164700000,92259781.38,440,92259781.38,92259781.38,118250000,0
12000000,52456500,18115366.12,654,18115366.12,18115366.12,57000000,2944367.37
15000000,194774500,63344273.49,104,22170495.72,22170495.72,145140000,12659380
1500000,7008368,4153029.17,2572,4153029.17,4153029.17,2200000,25290
1200000,8636706.61,8252281.77,89,866489.5859,2888298.62,9300000,101400
1050000,5355330,3987439,2490,3987439,3987439,3000000,87547.5
15000000,59064000,51793465.45,351,51793465.45,51793465.45,53738208,1864141.02
1300000,5218367.35,4869196.84,1066,4869196.84,4869196.84,4000000,68551.31
8000000,104500000,20571998.84,166,10285999.42,20571998.84,79396992,4494500
1200000,7061855.67,3733033.57,45,391968.5249,391968.5249,8800000,239685
1500000,7893401,6171987.89,2416,6171987.89,6171987.89,5000000,0
17347000,92368000,45781975.86,1878,45781975.86,45781975.86,65163500,0
900000,6424242,1293169.33,1757,1293169.33,1293169.33,4200000,490480
12500000,95275500,38256550.71,176,19128275.36,38256550.71,77000000,12767688.15
12500000,260496000,57161583.49,119,20006554.22,20006554.22,220332000,46777827.04
1500000,9229166.67,4410717.97,226,4410717.97,4410717.97,8600000,2785375
9000000,103500000,19765578.02,287,19765578.02,19765578.02,63500000,9896312.34
4000000,59773000,9348947.58,771,9348947.58,9348947.58,57747200,0
1200000,7808163.27,5853144.95,318,5853144.95,5853144.95,5100000,0
1200000,7808163.27,5853144.95,318,5853144.95,5853144.95,5100000,0
1050000,3737755.1,2040591.87,486,2040591.87,2040591.87,3000000,0
7000000,157250000,62625966.03,683,62625966.03,62625966.03,139805900,5663628.37
650000,6923469.39,1519203.8,274,1519203.8,1519203.8,5000000,0
9000000,75454500,48275366.15,269,48275366.15,48275366.15,68000000,821047.65
1500000,9076904,5008814.52,1522,5008814.52,5008814.52,7800000,530172.5
500000,3166326.53,320079.92,723,320079.92,320079.92,3000000,413340
1500000,6670103.09,5203953.87,507,5203953.87,5203953.87,5500000,836182.5
1100000,6041237,5803584.89,2025,5803584.89,5803584.89,6000000,26042.5
1500000,7055837,2487812.11,1869,2487812.11,2487812.11,4800000,1262290
12000000,104325000,87029662.5,2117,87029662.5,87029662.5,59736000,0
1300000,8776041.67,7543805.52,654,7543805.52,7543805.52,9500000,0
8163300,24021000,19432926.64,1906,19432926.64,19432926.64,27294800,0
10000000,49432000,18050997.56,108,6317849.146,6317849.146,49318081.79,0
1200000,4450000,1912666.53,236,1912666.53,1912666.53,3600000,0
1500000,8054166.67,4829412.51,969,4829412.51,4829412.51,6000000,904872.5
1500000,10946938.78,5067489.61,111,1773621.364,1773621.364,20000000,0
11224500,98551000,35455809.67,84,3722860.015,12409533.38,70625234.08,0
1500000,5790625,3260559.18,60,342358.7139,342358.7139,3600000,450996.07
1400000,5371428.57,3427907.87,880,3427907.87,3427907.87,5000000,236135
1500000,6134020.62,3912583.56,653,3912583.56,3912583.56,2600000,0
1500000,6134020.62,3912583.56,653,3912583.56,3912583.56,2600000,0
10000000,47600000,40794093.55,445,40794093.55,40794093.55,34164481.24,1260562.5
1500000,4395918.37,2463659.23,846,2463659.23,2463659.23,3300000,0
1100000,7951020.41,2331956.19,774,2331956.19,2331956.19,6700000,1079280
6000000,47250000,32044588.1,259,32044588.1,32044588.1,43130250,7020339.06
6000000,47250000,32044588.1,259,32044588.1,32044588.1,43130250,7020339.06
1300000,7951020.41,2331956.19,669,2331956.19,2331956.19,9300000,355613.76
1300000,7951020.41,2331956.19,669,2331956.19,2331956.19,9300000,355613.76
1500000,9185567.01,5816273.38,106,2035695.683,2035695.683,7800000,1028417.9
1500000,3264285.71,1544238.89,54,162145.0835,162145.0835,2400000,8650
1000000,5673469.39,1631380.7,414,1631380.7,1631380.7,6100000,272600
7000000,140258500,42746013.01,350,42746013.01,42746013.01,103000000,0
1500000,13754639.18,12646369.63,253,12646369.63,12646369.63,17000000,0
500000,11095833.33,625086.33,229,625086.33,625086.33,9800000,1061724.2
1500000,5714285.71,5714285.71,18,199999.9999,599999.9996,5000000,0
1500000,3971816.61,2371720.59,111,830102.2065,830102.2065,2800000,464530
1400000,7896907,3715151.77,1602,3715151.77,3715151.77,5000000,470475
1050000,8608247,3483081.66,1750,3483081.66,3483081.66,5500000,943658
1200000,5790816.33,5790816.33,43,608035.7147,608035.7147,7000000,0
1200000,5469388,2099799.69,1418,2099799.69,2099799.69,3200000,846930
8000000,94448500,41709389.32,221,41709389.32,41709389.32,57747200,0
17000000,247500000,182171039.5,91,63759863.82,63759863.82,207851000,40218620.98
17000000,202500000,148465706.5,91,51962997.29,51962997.29,157500000,26238441.48
17000000,101583000,93323953.93,1534,93323953.93,93323953.93,83430000,0
1500000,3644444.44,3394767.63,1444,3394767.63,3394767.63,2800000,0
1500000,4284693.88,3688277.52,139,1290897.132,1844138.76,5000000,135420
12500000,110700000,65132343.3,61,6838896.047,22796320.16,82130600,12837620
1200000,6060204.08,3817465.59,713,3817465.59,3817465.59,5200000,0
1200000,6060204.08,3817465.59,713,3817465.59,3817465.59,5200000,0
1500000,4263265.31,2005521.81,752,2005521.81,2005521.81,4000000,191850
1200000,5300000,4630759.91,73,486229.7906,1620765.969,4000000,97595
1500000,5917531,3982192.79,1505,3982192.79,3982192.79,4500000,502922.5
1500000,6687500,2844331.87,700,2844331.87,2844331.87,4000000,582395
15000000,157371750,85897870.58,830,85897870.58,85897870.58,112000000,16708230.87
1500000,7113402.06,2345414.54,107,820895.089,820895.089,6000000,1685372.52
1500000,9439393.94,7481096.65,1318,7481096.65,7481096.65,6000000,347237.5
1400000,5189272.05,3889073.17,1457,3889073.17,3889073.17,4000000,200054.3
1000000,6938144.33,1023488.42,701,1023488.42,1023488.42,6000000,1264580.94
1500000,12840206.19,3539279.52,196,3539279.52,3539279.52,10000000,3181691.39
1500000,7949911,6200567.11,1637,6200567.11,6200567.11,7800000,348335
1400000,7961224.49,6802590.82,1426,6802590.82,6802590.82,3100000,369185
1500000,5919429.41,3563709.87,1358,3563709.87,3563709.87,4000000,402480
1000000,2696938.78,2139253.38,715,2139253.38,2139253.38,3600000,88090
1200000,6627551.02,671644,1207,671644,671644,4500000,1369605
3000000,48750000,27499241.24,199,27499241.24,27499241.24,47241000,0
1100000,5395876.29,2527849.71,1003,2527849.71,2527849.71,2100000,516009.9
700000,3533673.47,2153046.07,413,2153046.07,2153046.07,2300000,3327.67
12000000,60030000,42708745.3,848,42708745.3,42708745.3,53175361.93,0
1000000,5675757.58,1652438.47,1184,1652438.47,1652438.47,4700000,753395.34
1500000,11493718.09,5809730.14,46,610021.6647,610021.6647,11900000,369787.5
1500000,11493718.09,5809730.14,46,610021.6647,610021.6647,11900000,369787.5
816400,4339795.92,1278728.41,485,1278728.41,1278728.41,4000000,938400
1500000,4023469.39,3439497.28,573,3439497.28,3439497.28,4700000,91740
16000000,63992500,41956450.98,166,20978225.49,41956450.98,60817200,4607903.25
1050000,6855670.1,1948847.53,667,1948847.53,1948847.53,5000000,888948.75
1500000,9938775.51,8150977.62,1262,8150977.62,8150977.62,7800000,0
1200000,5711028.09,3612575.45,1504,3612575.45,3612575.45,4300000,0
1500000,8105154.64,4734040.24,683,4734040.24,4734040.24,8800000,797655
9500000,65420750,44258323.66,53,4647123.984,4647123.984,57747200,6933215.08
8000000,81178500,18404706.28,473,18404706.28,18404706.28,56750000,20894030.73
1500000,18692783.51,17953706.13,51,1885139.144,1885139.144,23500000,80217.5
1500000,18692783.51,17953706.13,51,1885139.144,1885139.144,23500000,80217.5
1500000,10509644.67,8275314.21,1230,8275314.21,8275314.21,6000000,230720
1050000,7185714.29,6199512.36,700,6199512.36,6199512.36,6000000,68085
1500000,5896938.78,5087825.15,1049,5087825.15,5087825.15,7000000,0
1250000,12171134.02,7390683.94,62,776021.8137,2586739.379,9000000,0
1200000,6924242.42,6463852.95,1400,6463852.95,6463852.95,7200000,0
800000,5267010.31,2487315.06,331,2487315.06,2487315.06,2300000,1111487.5
1300000,6923469.39,2658972.94,942,2658972.94,2658972.94,5700000,867490
1000000,4290909.09,3712126.05,1387,3712126.05,3712126.05,4600000,62140
1000000,4339795.92,3434341.38,1215,3434341.38,3434341.38,6200000,94300
1500000,7435051.55,5429282.76,1170,5429282.76,5429282.76,4500000,0
1350000,11274226.8,9885336.37,1137,9885336.37,9885336.37,11900000,127600
1500000,8692708.33,7710353.86,597,7710353.86,7710353.86,8300000,576815
920000,5012500,3466070.7,1108,3466070.7,3466070.7,3300000,344410
10000000,28758500,20026457.66,1123,20026457.66,20026457.66,34643400,0
1300000,10283333.33,7564653.8,29,264762.883,794288.649,9000000,1937211.75
1500000,4940206.19,3716594.67,274,3716594.67,3716594.67,6500000,685097.24
1200000,3890816.33,389717.71,789,389717.71,389717.71,3300000,0
900000,5167346.94,1034072.77,226,1034072.77,1034072.77,7200000,106762.5
1300000,4543877.55,1751707.39,99,613097.5865,613097.5865,6000000,33465
1500000,7593877.55,5788772.99,1204,5788772.99,5788772.99,4000000,410004.06
5000000,206677437.5,41322144.47,133,14462750.56,20661072.24,205176394.8,0
5000000,211499806.3,41750030.83,133,14612510.79,20875015.42,171500000,0
9000000,67462000,57094917.28,106,19983221.05,19983221.05,83430000,0
9000000,85399000,27183878.29,593,27183878.29,27183878.29,62057500,7994680
1500000,9137755.1,7574240.6,1200,7574240.6,7574240.6,8800000,1290340
1500000,10035714.29,7930191.28,661,7930191.28,7930191.28,8000000,42260
12000000,94266500,40216050.64,375,40216050.64,40216050.64,80340000,0
10000000,107319500,82278208.76,68,8639211.92,28797373.07,83430000,8542100
1000000,4149494.95,1202271.4,1169,1202271.4,1202271.4,2400000,519090
1500000,6907216.49,3559020.47,656,3559020.47,3559020.47,3600000,511387.5
1000000,6019791.67,1393306.89,213,1393306.89,1393306.89,4500000,1280586.76
1000000,6391752.58,1767895.78,353,1767895.78,1767895.78,5000000,439200
15000000,105757500,99145720.73,119,34701002.26,34701002.26,87550000,962972.4
1200000,7228865.98,1032412.43,670,1032412.43,1032412.43,6000000,0
1500000,5835714.29,4661522.27,1238,4661522.27,4661522.27,7200000,337570
900000,7101200.62,6482498.84,1153,6482498.84,6482498.84,5000000,242340
1400000,7939394,5080850.28,1906,5080850.28,5080850.28,9800000,615800
8000000,53014000,27597006.98,812,27597006.98,27597006.98,35693200,0
1200000,8002061.86,5102926.33,712,5102926.33,5102926.33,5000000,551005
1200000,8002061.86,5102926.33,712,5102926.33,5102926.33,5000000,551005
1400000,15569072.16,14314485.72,25,501007.0002,1503021.001,23000000,121500
1200000,7032989.69,6742818.92,73,707995.9866,2359986.622,7200000,79200
1500000,8963917.53,7859368.41,696,7859368.41,7859368.41,7500000,24463.96
1200000,7228865.98,1032412.43,637,1032412.43,1032412.43,7800000,0
1500000,6903553.3,6057258.61,1292,6057258.61,6057258.61,5000000,80700
1100000,7589690.72,2158072.6,853,2158072.6,2158072.6,8000000,281437.4
1100000,7589690.72,2158072.6,853,2158072.6,2158072.6,8000000,281437.4
900000,8963917.53,8609553.61,1301,8609553.61,8609553.61,8000000,0
900000,8963917.53,8609553.61,1301,8609553.61,8609553.61,8000000,0
1000000,8448453.61,2653851.91,48,278654.4506,278654.4506,5700000,354269.86
1000000,8448453.61,2653851.91,48,278654.4506,278654.4506,5700000,354269.86
1500000,6785797.46,2309528.31,1049,2309528.31,2309528.31,4800000,1269612.5
1500000,5305102.04,2769599.05,1002,2769599.05,2769599.05,4700000,562642.5
12000000,111904500,61654999.5,91,21579249.83,21579249.83,94760000,9676747.17
7000000,70000000,35786085.91,411,35786085.91,35786085.91,69000000,0
1500000,8105154.64,4642540.24,804,4642540.24,4642540.24,6500000,496512.5
1350000,6019587.63,4067779.05,243,4067779.05,4067779.05,6900000,427305.9
1350000,6019587.63,4067779.05,243,4067779.05,4067779.05,6900000,427305.9
1500000,9589708.4,5762457.21,694,5762457.21,5762457.21,9700000,897045
6500000,200819500,72874203.46,252,72874203.46,72874203.46,145140000,0
700000,4850000,492672.04,661,492672.04,492672.04,3700000,1040850
1000000,5547422.68,5329592.95,43,559607.2598,559607.2598,5000000,0
1250000,8161224.49,2362805.25,499,2362805.25,2362805.25,6900000,803502.5
1500000,9015463.92,7449714.8,1169,7449714.8,7449714.8,7800000,240157.5
1250000,8716494.85,5552935.14,1186,5552935.14,5552935.14,6000000,156055
10000000,124987500,36276947.76,24,1269693.172,3809079.515,106213600,0
1500000,7156701.03,5625355.37,1368,5625355.37,5625355.37,4000000,194486.54
15000000,92376500,33868131.07,687,33868131.07,33868131.07,89629575,3383428.65
1500000,92376500,33868131.07,687,33868131.07,33868131.07,89629575,3383428.65
1500000,11266666.67,11187191.4,471,11187191.4,11187191.4,11500000,209128.84
15000000,85000000,83400521.62,336,83400521.62,83400521.62,91670000,0
600000,5896938.78,598275.72,966,598275.72,598275.72,5200000,868005
600000,5896938.78,598275.72,966,598275.72,598275.72,5200000,868005
1200000,7916666.67,3220516.44,106,1127180.754,1127180.754,7000000,1537770.52
1200000,7916666.67,3220516.44,106,1127180.754,1127180.754,7000000,1537770.52
1750000,8984536.08,3523288.84,204,3523288.84,3523288.84,6900000,1647032.2
1500000,6039593.91,4411705.55,1353,4411705.55,4411705.55,6000000,509575
1500000,9008163.27,2642409.64,1081,2642409.64,2642409.64,10000000,1380067.5
10000000,66500000,52063097.11,28,1822208.399,5466625.197,60000000,0
1500000,6391752.58,5282468.63,1108,5282468.63,5282468.63,5000000,180000
800000,6780612.24,1316721.52,719,1316721.52,1316721.52,7200000,923587.5
1000000,9312500,1677350.41,678,1677350.41,1677350.41,6500000,1025086.8
1600000,5371428.57,1564047.94,147,547416.779,782023.97,6100000,0
800000,6635416.67,1565167.12,720,1565167.12,1565167.12,4800000,0
1000000,5328865.98,1827063.44,347,1827063.44,1827063.44,4200000,3586440
1500000,8002061.86,5911829.57,656,5911829.57,5911829.57,7000000,156125
1300000,7435051.55,7128181.58,1322,7128181.58,7128181.58,4000000,30680
1000000,7507216.49,2585645.28,633,2585645.28,2585645.28,4300000,1102540
1500000,11177319.59,5360477.4,426,5360477.4,5360477.4,9800000,0
1100000,8706185.57,4098250.26,685,4098250.26,4098250.26,10300000,0
12000000,48022500,42497949,543,42497949,42497949,54653600,6970747.47
800000,5371428.57,1074737.56,658,1074737.56,1074737.56,6500000,14225
12245000,62859500,38160551.17,43,4006857.873,4006857.873,81000000,0
1500000,5864948.45,3042332.21,931,3042332.21,3042332.21,4000000,343590
1200000,8855102.04,1099023.97,341,1099023.97,1099023.97,7800000,0
1000000,8692708.33,1336435.25,690,1336435.25,1336435.25,5700000,1215205
1500000,4850000,4850000,849,4850000,4850000,5000000,0
800000,2696938.78,2518457.6,811,2518457.6,2518457.6,1700000,14450
1300000,7507216.49,1605584.18,785,1605584.18,1605584.18,7800000,938125
1000000,4862886.6,1681277.67,502,1681277.67,1681277.67,2600000,0
1200000,6019587.63,4735152.48,294,4735152.48,4735152.48,8000000,460600
1200000,10366666.67,7510216.56,1052,7510216.56,7510216.56,10300000,831197.5
1200000,3318556.7,2757716.4,51,289560.222,289560.222,3300000,225220
1500000,4866666.67,2528806.92,533,2528806.92,2528806.92,8300000,0
1200000,6546391.75,4512081.91,532,4512081.91,4512081.91,6000000,143080
12500000,59640750,62140181.22,455,62140181.22,62140181.22,54828481.99,2387072.52
1300000,7000000,1954394.39,754,1954394.39,1954394.39,4000000,0
1500000,6270408.16,5835881.9,931,5835881.9,5835881.9,7800000,62640
1500000,6270408.16,5835881.9,931,5835881.9,5835881.9,7800000,62640
1500000,7113402.06,3689023.4,378,3689023.4,3689023.4,7200000,1540960
900000,3917171.72,2086051.28,1279,2086051.28,2086051.28,5000000,384961.94
1500000,14340206.19,4015349.37,322,4015349.37,4015349.37,15700000,0
1400000,8572164.95,6710873.75,653,6710873.75,6710873.75,7500000,237960
1100000,3105102.04,1451386.16,1121,1451386.16,1451386.16,3200000,333230
14000000,180000000,151087122.3,142,52880492.82,75543561.17,153589200,4995196.54
1500000,8105154.64,5292082.58,160,2646041.29,5292082.58,7000000,2499220.12
1500000,8105154.64,5292082.58,160,2646041.29,5292082.58,7000000,2499220.12
1200000,6627551.02,1265899.61,425,1265899.61,1265899.61,8600000,1121902.17
1500000,9312500,2770888.76,775,2770888.76,2770888.76,6400000,1975615
1200000,8022680.41,1714476.71,387,1714476.71,1714476.71,8600000,0
20000000,105000000,98970317.29,376,98970317.29,98970317.29,97850000,0
1500000,5408163.27,3451249.07,44,362381.1524,362381.1524,5500000,88815
12500000,83719500,56982521.15,258,56982521.15,56982521.15,64000000,5652985.12
1300000,5520408.16,3490701.88,146,1221745.658,1745350.94,8300000,805530
1400000,9861406.42,9002465.22,166,4501232.61,9002465.22,9800000,208390
1200000,10486597.94,2210063.34,380,2210063.34,2210063.34,8300000,0
1500000,8105154.64,2291018.5,896,2291018.5,2291018.5,11400000,1186717.5
1500000,10228865.98,4029879.41,231,4029879.41,4029879.41,10500000,2526673.88
1400000,7741666.67,5248510.37,591,5248510.37,5248510.37,8000000,0
1500000,7689583.33,4059089.69,844,4059089.69,4059089.69,7000000,1508235
2000000,14422680.41,2108853.83,181,2108853.83,2108853.83,13200000,3444972.5
1300000,6154639.18,2714061.75,272,2714061.75,2714061.75,3200000,509059.89
12000000,87549987.52,50422749.48,212,50422749.48,50422749.48,79880051.84,3570464.23
5000000,40504000,4449097.53,236,4449097.53,4449097.53,70555000,92152.38
15000000,195500000,88877864.87,117,31107252.7,31107252.7,170000000,441929.95
1200000,8497959.18,1692904.47,1023,1692904.47,1692904.47,6500000,0
1500000,8497959.18,7925882.29,1231,7925882.29,7925882.29,6900000,0
1500000,9008163.27,8401592.77,1238,8401592.77,8401592.77,7500000,81805
1500000,8654639.18,7957338.29,1056,7957338.29,7957338.29,7500000,65722.5
1300000,7589690.72,3072231.26,53,322584.2823,322584.2823,8000000,710749.86
1200000,6780612.24,3719604.38,287,3719604.38,3719604.38,9600000,322945
1400000,6923469.39,3847043.57,341,3847043.57,3847043.57,5200000,0
1500000,8619791.67,1493541.66,204,1493541.66,1493541.66,7200000,0
1000000,14864285.71,1507786.1,82,158317.5405,527725.135,20000000,0
9183700,75000000,64542151.83,38,6776925.942,6776925.942,86500000,4255090
1100000,7533333.33,1305999.22,685,1305999.22,1305999.22,4500000,875122.5
8000000,97500000,57173990.32,304,57173990.32,57173990.32,92750000,0
1200000,4927551.02,3898986.26,91,1364645.191,1364645.191,4500000,0
11000000,58399793.75,31168694.14,87,3272712.885,10909042.95,54828481.99,0
1200000,4795876.29,1916978.29,507,1916978.29,1916978.29,4200000,635625
1500000,9989583.33,7505920.88,409,7505920.88,7505920.88,7800000,293075
1300000,8105154.64,5584934.92,712,5584934.92,5584934.92,8600000,724875
1100000,9572916.67,1658369.52,701,1658369.52,1658369.52,7200000,0
12000000,65513500,49243726.34,41,5170591.266,5170591.266,78856200,10728204.8
1200000,9140625,7489430.8,122,2621300.78,3744715.4,8300000,1293738.63
1500000,9525510.2,2785215.87,464,2785215.87,2785215.87,9800000,2898255
1500000,9552658.57,6854118.29,23,239894.1402,719682.4205,10000000,558720
1500000,7322241.04,5576948.69,120,1951932.042,1951932.042,7800000,80450
1500000,2661224.49,1279918.55,804,1279918.55,1279918.55,3200000,74332.5
1400000,7061855.67,3491101.83,252,3491101.83,3491101.83,5000000,214657.5
500000,7643298.97,5983897.71,137,2094364.199,2991948.855,7800000,0
1020500,9185567.01,6505895.55,455,6505895.55,6505895.55,9000000,0
1500000,10744329.9,4664046.85,272,4664046.85,4664046.85,7000000,1106817.76
1300000,7072916.67,5305946.43,775,5305946.43,5305946.43,8600000,667312.5
1300000,9185567.01,3457877.06,202,3457877.06,3457877.06,8000000,680634.97
1100000,5896938.78,3276852.55,942,3276852.55,3276852.55,7800000,533741.65
1200000,6923469.39,2532993.12,134,886547.592,1266496.56,6500000,866459.31
750000,6362244.9,1866452.57,61,195977.5199,653258.3995,8300000,576150
800000,2696938.78,1510159.26,638,1510159.26,1510159.26,4300000,175293.64
1500000,7951020.41,5665051.65,1082,5665051.65,5665051.65,7800000,923595
1000000,5473195.88,2011296.55,164,1005648.275,2011296.55,5000000,69729.22
1500000,7061855.67,3733033.57,438,3733033.57,3733033.57,5400000,570285
1050000,4940206.19,2569962.45,807,2569962.45,2569962.45,3300000,874940
1500000,9443877.55,7439375.99,1078,7439375.99,7439375.99,10900000,137200
15000000,115759500,86645828.14,191,86645828.14,86645828.14,85490000,1990485.51
1500000,6143877.55,6110548.49,119,2138691.972,2138691.972,3800000,0
1500000,10228865.98,8045903.75,1021,8045903.75,8045903.75,8500000,494070
1500000,7000000,1956894.39,107,684913.0365,684913.0365,7800000,0
1500000,7061855.67,3312705.85,508,3312705.85,3312705.85,4500000,2431530
1200000,9140625,2074847.5,327,2074847.5,2074847.5,7800000,2000292.5
1200000,7440816.33,2857718.54,622,2857718.54,2857718.54,8500000,591485
1200000,8091252.07,5371805.98,720,5371805.98,5371805.98,8000000,637775
1350000,8022680.41,2249198.11,746,2249198.11,2249198.11,6400000,798200
1500000,6019587.63,3183149.12,539,3183149.12,3183149.12,7500000,124550
1100000,6019587.63,4149345.67,744,4149345.67,4149345.67,5000000,298450
1200000,4795876.29,1339207.05,517,1339207.05,1339207.05,7000000,676212.57
1000000,5864948.45,1236794.13,743,1236794.13,1236794.13,8100000,0
1000000,5864948.45,1236794.13,743,1236794.13,1236794.13,8100000,0
14000000,80270000,57882470.17,214,57882470.17,57882470.17,67404000,13259073.87
1700000,20730545.26,20400074.64,353,20400074.64,20400074.64,17000000,1171778.24
1500000,7808163.27,7808163.27,656,7808163.27,7808163.27,8000000,0
1000000,5328865.98,1487871.62,821,1487871.62,1487871.62,4600000,0
11734700,86242500,46773639.2,131,16370773.72,23386819.6,87550000,8027864.17
1500000,9036458.33,4046830.9,114,1416390.815,1416390.815,7500000,2112395.31
1400000,8654639.18,7205272.29,692,7205272.29,7205272.29,7500000,215660
1300000,6009262.38,3990477.6,911,3990477.6,3990477.6,7200000,332631.8
1500000,7000000,1591425.23,134,556998.8305,795712.615,9300000,0
1500000,4538144.33,3547874.75,260,3547874.75,3547874.75,4000000,457535
1050000,3731409.14,2607769.06,319,2607769.06,2607769.06,3300000,67081.64
1200000,4808247.42,4808247.42,58,504865.9791,504865.9791,3200000,0
1400000,7385858.59,6275737.23,775,6275737.23,6275737.23,6700000,0
1500000,11043750,5460233.46,109,1911081.711,1911081.711,9600000,4368435
1200000,2584693.88,1812577.04,387,1812577.04,1812577.04,3800000,0
1500000,7061855.67,4133738.3,121,1446808.405,2066869.15,6700000,1181158.57
1200000,6103125,1439594.26,237,1439594.26,1439594.26,4000000,0
1200000,9677083.33,8038127.54,330,8038127.54,8038127.54,9000000,487416.98
1300000,11274226.8,3205384.8,363,3205384.8,3205384.8,13000000,2582800
1500000,9087628.87,6661635.76,928,6661635.76,6661635.76,9300000,881002.5
1300000,9701030.93,4568857.52,748,4568857.52,4568857.52,8600000,1758810
1800000,5677551.02,2187699.34,805,2187699.34,2187699.34,4200000,0
1050000,4850000,1869852.8,743,1869852.8,1869852.8,5000000,0
1050000,4850000,1869852.8,743,1869852.8,1869852.8,5000000,0
12244900,79659500,68816441.54,212,68816441.54,68816441.54,85243200,9602246.64
1500000,6402376.87,4908039.48,1121,4908039.48,4908039.48,5500000,155445
1500000,5196907.22,4054084.05,52,425678.8253,425678.8253,5000000,189597.5
1000000,7440816.33,1653177.52,332,1653177.52,1653177.52,6700000,789698.14
1500000,10486597.94,1790908.38,112,626817.933,626817.933,8300000,0
1200000,6185567.01,2846964.08,112,996437.428,996437.428,8300000,0
11000000,187196826.3,172013628,38,18061430.94,18061430.94,259000000,0
1300000,3692783.51,2133419.42,545,2133419.42,2133419.42,3700000,154500
9000000,107954500,84066436.27,38,8826975.808,8826975.808,126690000,20017723.49
1200000,8091252.07,4951456.59,149,1733009.807,2475728.295,9000000,2359128.05
1500000,11274226.8,4595198.13,440,4595198.13,4595198.13,9000000,3775200
12244900,131225000,79040911.15,114,27664318.9,27664318.9,106000000,19020075
12244900,131225000,79040911.15,114,27664318.9,27664318.9,106000000,19020075
1200000,8497959.18,4764820.51,375,4764820.51,4764820.51,9500000,0
1500000,8127083.33,5494973.84,201,5494973.84,5494973.84,7500000,1333605.41
1500000,6780612.24,1950336.91,357,1950336.91,1950336.91,7800000,433450
1000000,12530927.84,2901323.9,104,1015463.365,1015463.365,10500000,0
1500000,8860824.74,4091331.27,78,429589.7834,1431965.945,8000000,1523204.48
1200000,4940206.19,4201109.89,394,4201109.89,4201109.89,6900000,0
1000000,5864948.45,1622348.19,684,1622348.19,1622348.19,7800000,821107.5
1200000,9372448.98,8052552.54,1090,8052552.54,8052552.54,9000000,0
1000000,5864948.45,1906995.65,109,667448.4775,667448.4775,4100000,2.91E-11
800000,8654639.18,1276750.67,699,1276750.67,1276750.67,9000000,1229208.01
1200000,4940206.19,732548.13,328,732548.13,732548.13,5000000,593640
1500000,3105102.04,2673161.05,818,2673161.05,2673161.05,3200000,16100
750000,2584693.88,1442777.55,640,1442777.55,1442777.55,2800000,66000
1100000,6911714.73,6393894.73,959,6393894.73,6393894.73,9000000,105367.5
1100000,8002040.82,5720778.97,776,5720778.97,5720778.97,10300000,0
800000,3788775.51,756789.82,479,756789.82,756789.82,6100000,2703442.5
8000000,48546500,25532855,48,2680949.775,2680949.775,47241000,3996846.1
8000000,48546500,25532855,48,2680949.775,2680949.775,47241000,3996846.1
1500000,11177319.59,6474128.73,714,6474128.73,6474128.73,10900000,978160
1100000,5054081.63,1948256.01,751,1948256.01,1948256.01,6000000,125842.5
9000000,69288000,58496084.86,272,58496084.86,58496084.86,55771875,3849879.46
1300000,5864948.45,2704870.38,742,2704870.38,2704870.38,4000000,543505.85
1250000,8530927.84,5440903.05,687,5440903.05,5440903.05,7800000,196800
1500000,13161458.33,12048491,382,12048491,12048491,10000000,0
6000000,69851500,35464363.24,753,35464363.24,35464363.24,73500000,0
1200000,7148453.61,5247513.69,80,550988.9375,1836629.792,9500000,857720
1500000,6780612.24,5449606.14,448,5449606.14,5449606.14,6000000,0
1175000,4424742.27,3274864.2,640,3274864.2,3274864.2,6000000,472600
8000000,46422500,41818841.99,109,14636594.7,14636594.7,43532161.58,0
1500000,10035714.29,3097713.38,403,3097713.38,3097713.38,10000000,439514.62
1500000,8024742.27,6230595.84,117,2180708.544,2180708.544,14000000,1517810
1300000,9087628.87,4438020.34,46,465992.1357,465992.1357,9000000,1194743.86
1300000,6011340.21,4415994.53,83,463679.4257,1545598.086,7500000,184000
1500000,9154081.63,9154081.63,71,961178.5712,3203928.571,13000000,0
1500000,6019587.63,3137776.77,103,1098221.87,1098221.87,7800000,400355.75
1200000,7297959.18,722225.3,627,722225.3,722225.3,9600000,0
1200000,7000000,2646921.41,269,2646921.41,2646921.41,5300000,1245575
800000,4707142.86,916638.15,455,916638.15,916638.15,3800000,1485773.55
1500000,10435051.55,2898568.3,112,1014498.905,1014498.905,8000000,1637205.5
1400000,17687500,6792805.32,168,3396402.66,6792805.32,14500000,4433227.5
1000000,4862886.6,1102349.25,381,1102349.25,1102349.25,4200000,0
1020500,11274226.8,3200384.8,439,3200384.8,3200384.8,11900000,1879630
1200000,8054166.67,1830708.82,228,1830708.82,1830708.82,8800000,0
1500000,8855102.04,4111375.99,881,4111375.99,4111375.99,8300000,733425
1400000,12172916.67,4682025.26,233,4682025.26,4682025.26,8300000,960000
1000000,6019791.67,2019878.53,379,2019878.53,2019878.53,4500000,863580
1300000,9729166.67,6055782.96,105,2119524.036,2119524.036,6700000,1583080.96
1000000,3435051.55,1788847.45,149,626096.6075,894423.725,3300000,870325
1500000,7072916.67,2645876.84,241,2645876.84,2645876.84,9000000,317821.96
1300000,8125773.2,3301788.47,303,3301788.47,3301788.47,7800000,1045430
1230000,8692708.33,4987048.21,119,1745466.874,1745466.874,9500000,721025.59
1500000,5864948.45,4838220.09,748,4838220.09,4838220.09,2800000,521915
1500000,6864583.33,6022647.23,716,6022647.23,6022647.23,4500000,509905
1500000,9185567.01,6300779.84,364,6300779.84,6300779.84,6700000,614877.38
1500000,5937113.4,3059048.17,609,3059048.17,3059048.17,6000000,1697557.5
1500000,6911714.73,2846504.14,775,2846504.14,2846504.14,6000000,284882.5
1300000,8127083.33,6956204.8,568,6956204.8,6956204.8,6000000,1058230
1300000,8127083.33,6956204.8,568,6956204.8,6956204.8,6000000,1058230
1500000,6719387.76,6794558.92,485,6794558.92,6794558.92,7800000,0
1000000,10744329.9,1488376.06,116,520931.621,520931.621,9000000,2145212.59
700000,4280412.37,618812.71,196,618812.71,618812.71,3000000,0
1000000,2696938.78,1510159.26,836,1510159.26,1510159.26,2900000,122825
1000000,3898969.07,1338817.87,328,1338817.87,1338817.87,2100000,528180
1250000,8692708.33,7401940.63,594,7401940.63,7401940.63,9500000,0
17500000,186628500,124946554,120,43731293.89,43731293.89,161868000,12943344.27
1500000,6907216.49,4587046.45,223,4587046.45,4587046.45,10300000,1667701.26
1300000,3069387.76,1968238.65,693,1968238.65,1968238.65,2100000,594625
12755200,81738000,59193099.41,426,59193099.41,59193099.41,92700000,0
1200000,3652040.82,3402301.73,55,357241.6817,357241.6817,7200000,43527.5
1500000,7000000,5228573.71,108,1830000.799,1830000.799,8300000,1195519.33
1200000,7507216.49,2103054.71,76,220820.7446,736069.1485,10000000,0
1425000,3788775.51,2713237.27,657,2713237.27,2713237.27,9000000,344915
13000000,111611000,94814356.06,49,9955507.386,9955507.386,86520000,5197500
15306200,70200000,17189535.66,208,17189535.66,17189535.66,85041000,0
1500000,9804123.71,4520369.03,152,2260184.515,4520369.03,12500000,1386639.72
1200000,4345833.33,1448398.95,258,1448398.95,1448398.95,3300000,594887.5
600000,4862886.6,2511126.98,175,1255563.49,2511126.98,7200000,0
1100000,9509337.8,6491860.62,688,6491860.62,6491860.62,11500000,461605
1200000,6158163.27,1806566.61,77,189689.4941,632298.3135,7000000,582150
1500000,4795876.29,3662254.48,335,3662254.48,3662254.48,6000000,350940
1200000,9044897.96,6466730.29,89,679006.6805,2263355.602,12500000,727426.32
1350000,6552083.33,5811023.93,693,5811023.93,5811023.93,5500000,186025
1500000,5571428.57,3527476.89,111,1234616.912,1234616.912,9000000,0
1500000,6780612.24,5824291.6,694,5824291.6,5824291.6,8600000,141635
1200000,4962244.9,2320847.77,143,812296.7195,1160423.885,4400000,95182.5
1500000,9924242.42,9924242.42,775,9924242.42,9924242.42,7000000,0
1200000,3105102.04,1452386.16,134,508335.156,726193.08,8300000,133630
1500000,9692783.51,8475459.62,109,2966410.867,2966410.867,12300000,215180
1500000,12328125,5553845.76,90,583153.8048,1943846.016,16000000,0
1200000,3737755.1,2450906.15,393,2450906.15,2450906.15,2600000,310260.21
1300000,9185567.01,4974526.74,363,4974526.74,4974526.74,10300000,218690
1500000,7732653.06,5484554.57,77,575878.2299,1919594.1,7000000,0
1000000,5864948.45,2451500.86,90,257407.5903,858025.301,7800000,2054557.08
1200000,3615306.12,1099014.04,423,1099014.04,1099014.04,6000000,0
1000000,11105154.64,7550862.39,258,7550862.39,7550862.39,14800000,0
16326600,85000000,79545976.61,140,27841091.81,39772988.31,115412000,0
16326600,85000000,79545976.61,140,27841091.81,39772988.31,115412000,0
1350000,7951020.41,5684051.65,383,5684051.65,5684051.65,9800000,380835
1500000,7859183.67,4946412.8,196,4946412.8,4946412.8,11000000,1175650
1500000,8534693.88,7959912.64,12,278596.9424,835790.8272,9300000,112312.5
1500000,8855102.04,6277180.95,228,6277180.95,6277180.95,10300000,392867.5
400000,4707142.86,1645275.74,121,575846.509,822637.87,4300000,0
1750000,10283333.33,7446403.74,151,3723201.87,7446403.74,11500000,3582071.83
900000,4940206.19,3879515.76,652,3879515.76,3879515.76,4000000,77600
1250000,7072916.67,2345757.99,61,246304.589,821015.2965,5000000,555379.84
900000,3731409.14,3453515.92,720,3453515.92,3453515.92,4000000,0
1500000,10691836.73,9972033.19,111,3490211.617,3490211.617,14500000,0
1000000,6923469.39,2653472.94,110,928715.529,928715.529,7000000,0
550000,6780612.24,1950336.91,121,682617.9185,975168.455,8800000,0
1050000,5896938.78,2925740.5,214,2925740.5,2925740.5,6000000,1322337.12
1500000,6019791.67,3917206.18,69,411306.6489,1371022.163,5000000,1392183.24
10204100,63750000,45962807.37,45,4826094.774,4826094.774,51500000,2621842.04
1500000,10283333.33,5868562.84,119,2053996.994,2053996.994,10000000,3782356.75
1020500,5408163.27,5046222.86,73,529853.4003,1766178.001,6700000,77355
2000000,13371134.02,9865895.89,499,9865895.89,9865895.89,20000000,897010
1200000,4339795.92,3434341.38,724,3434341.38,3434341.38,6200000,469200
1400000,12088775.51,3546308.68,121,1241208.038,1773154.34,15000000,2431430
8163300,41249742.5,31028749.77,86,3258018.726,10860062.42,42430081.54,0
1500000,6443298.97,4106376.21,111,1437231.674,1437231.674,6700000,557930
1200000,7239107.99,4403686.74,38,462387.1077,462387.1077,9000000,470740
1300000,6474489.8,4589488.04,658,4589488.04,4589488.04,9000000,19860
1250000,7251546.39,6667305.57,77,700067.0849,2333556.95,7800000,48110
1500000,11193814.43,9760294.33,43,1024830.905,1024830.905,11900000,319200
1500000,9018367.35,2293286.99,110,802650.4465,802650.4465,10900000,0
1750000,8022680.41,3252550.72,139,1138392.752,1626275.36,10300000,0
900000,7589690.72,3963511.41,104,1387228.994,1387228.994,6000000,0
9000000,56806000,49720191.07,21,1740206.687,5220620.062,80340000,0
1200000,8024742.27,6997581.65,80,734746.0733,2449153.578,10000000,87362.5
1500000,9701030.93,10245800.38,517,10245800.38,10245800.38,8800000,0
1200000,8497959.18,2493164.04,104,872607.414,872607.414,13500000,0
1500000,3652040.82,2876097.21,110,1006634.024,1006634.024,11300000,0
1200000,9140625,5709445.98,447,5709445.98,5709445.98,8500000,900992.5
1200000,8500000,5338482.07,104,1868468.725,1868468.725,11500000,0
1200000,8500000,5338482.07,104,1868468.725,1868468.725,11500000,0
1500000,6642784.34,6145029.27,22,215076.0245,645228.0734,7800000,67500
1500000,8778350.52,8778350.52,690,8778350.52,8778350.52,10400000,0
750000,4280412.37,1141722.46,120,399602.861,399602.861,9300000,1651408.71
1000000,8654639.18,2513482.97,184,2513482.97,2513482.97,10000000,2344178.31
11000000,77312000,62345795.34,61,6546308.511,21821028.37,92185000,1993981.97
1500000,16525773.2,6067755.77,105,2123714.52,2123714.52,13200000,2023704.13
1200000,5790816.33,4104666.7,41,430990.0035,430990.0035,6700000,76960
11000000,43336500,28047906.36,172,14023953.18,28047906.36,44634241.62,8007075
1500000,6391752.58,4669911.6,592,4669911.6,4669911.6,6200000,805600
14300000,42431500,42524204.49,289,42524204.49,42524204.49,36368641.32,1071508.86
1500000,5574747.47,3863262.73,354,3863262.73,3863262.73,5000000,297535
10000000,87500000,71496522,30,2502378.27,7507134.81,97750000,0
10000000,87500000,71496522,30,2502378.27,7507134.81,97750000,0
1300000,5238144.33,4818463.86,122,1686462.351,2409231.93,5500000,43550.77
1500000,6450000,6015595.77,287,6015595.77,6015595.77,10300000,91665
1000000,3737755.1,1376477.68,257,1376477.68,1376477.68,2900000,362728.28
1000000,3737755.1,1376477.68,257,1376477.68,1376477.68,2900000,362728.28
1000000,3737755.1,1376477.68,257,1376477.68,1376477.68,2900000,362728.28
550000,4911224.49,965587.28,196,965587.28,965587.28,7500000,0
1500000,12605102.04,5186410.92,175,2593205.46,5186410.92,12800000,0
1500000,5939175.26,4908408.58,102,1717943.003,1717943.003,9300000,53520
1300000,4631632.65,4321520.86,238,4321520.86,4321520.86,5500000,0
1500000,6347959.18,6347959.18,24,222178.5713,666535.7139,5700000,0
1500000,6347959.18,6347959.18,24,222178.5713,666535.7139,5700000,0
1500000,6347959.18,6347959.18,24,222178.5713,666535.7139,5700000,0
1500000,5585714.29,3082351.12,165,1541175.56,3082351.12,6700000,484860
1500000,5934000,5934000,37,623070,623070,7200000,0
10000000,74880500,43925476.18,44,4612174.999,4612174.999,78388280.16,962800
1200000,10589690.72,10881258.94,392,10881258.94,10881258.94,8500000,0
1200000,8619791.67,8533870.92,390,8533870.92,8533870.92,9500000,897912.1
1500000,16781250,19237105.72,426,19237105.72,19237105.72,16000000,2572177.24
1500000,7987755.1,6312056.82,179,3156028.41,6312056.82,10900000,138765
1500000,7171428.57,5126866.62,104,1794403.317,1794403.317,5500000,0
1300000,5885567.01,2780899.38,109,973314.783,973314.783,6700000,0
1020500,3737755.1,2469011.35,567,2469011.35,2469011.35,8300000,231660
1200000,6391752.58,5508189.73,259,5508189.73,5508189.73,9300000,0
1250000,6923469.39,4949806.2,376,4949806.2,4949806.2,9800000,116640
1200000,3482653.06,1341497.08,204,1341497.08,1341497.08,3300000,332100
1200000,8192783.51,6444210.39,20,225547.3637,676642.091,11000000,268590
1000000,4280412.37,2210142.31,150,773549.8085,1105071.155,1800000,782273.73
1300000,15592857.14,12237287.93,74,1284915.233,4283050.776,21000000,334650
1500000,4707142.86,1345392.2,105,470887.27,470887.27,4800000,922545
1500000,4707142.86,1345392.2,105,470887.27,470887.27,4800000,922545
1500000,4196938.78,3305265.61,297,3305265.61,3305265.61,7200000,0
10000000,49509500,36757441.69,204,36757441.69,36757441.69,61250000,9266777.16
1200000,9443298.97,4352299.46,83,456991.4433,1523304.811,13500000,1020920
2000000,6019587.63,3153149.12,91,1103602.192,1103602.192,7000000,237243.92
1000000,4850000,494672.04,381,494672.04,494672.04,6000000,660490
1200000,7937521.17,6079036.67,304,6079036.67,6079036.67,11000000,1761208.35
17500000,109250000,88100527.91,40,9250555.431,9250555.431,93802800,3271923.08
7142900,93499500,50417756.99,47,5293864.484,5293864.484,99649302.88,3616799.92
1600000,10228865.98,7557550.78,152,3778775.39,7557550.78,11500000,781812.5
1200000,5205432.9,3976249.46,54,417506.1933,417506.1933,6900000,0
550000,10061855.67,4633023.26,108,1621558.141,1621558.141,13000000,0
1500000,9701030.93,10617577.21,469,10617577.21,10617577.21,8500000,14969.73
14000000,82450000,64555951.14,182,64555951.14,64555951.14,79396992,6631468.58
1300000,6340206.19,5931700.49,653,5931700.49,5931700.49,4500000,0
1100000,3615306.12,1048872.93,108,367105.5255,367105.5255,4200000,306090
1000000,8344897.96,1626041.02,144,569114.357,813020.51,11500000,0
12500000,91171000,81209315.83,59,8526978.162,8526978.162,92772000,2092267.93
1500000,7000000,4484797.61,100,1569679.164,1569679.164,10500000,0
1500000,13806185.57,12648737.53,84,1328117.441,4427058.136,17000000,0
1200000,7061855.67,4866659.44,141,1703330.804,2433329.72,8500000,0
1200000,14703092.78,12240637.01,44,1285266.886,1285266.886,18000000,567350
1500000,4196938.78,2986834.29,318,2986834.29,2986834.29,2800000,215325
12500000,107350000,96371220.29,38,10118978.13,10118978.13,108791600,0
1200000,7950515.46,3169305.58,56,332777.0859,332777.0859,10300000,1501560
1500000,10487755.1,6678289.16,90,701220.3618,2337401.206,15000000,527150
1350000,5478125,4055884.56,469,4055884.56,4055884.56,4000000,635175
1500000,3901030.93,2694696.28,38,282943.1094,282943.1094,5000000,171640
1200000,5774614.01,3834877.93,74,402662.1827,1342207.276,7500000,201885
1200000,6391752.58,3671100.41,107,1284885.144,1284885.144,8300000,729600
12500000,66423500,52307232.16,91,18307531.26,18307531.26,92185000,0
1200000,5022916.67,3809907.18,145,1333467.513,1904953.59,3300000,638341.31
500000,3177319.59,884719.44,236,884719.44,884719.44,2900000,264450
1200000,8619791.67,1494041.66,111,522914.581,522914.581,9500000,2850287.5
1200000,3826804.12,3520458.6,663,3520458.6,3520458.6,4000000,0
12000000,116185000,99046554.38,241,99046554.38,99046554.38,99250000,16223275.12
12000000,116185000,99046554.38,241,99046554.38,99046554.38,99250000,16223275.12
1400000,7035714.29,2023539.82,104,708238.937,708238.937,9300000,1785130
1250000,7486868.69,3970101.15,242,3970101.15,3970101.15,9300000,93210
1200000,9015463.92,2492187.61,263,2492187.61,2492187.61,9800000,0
1300000,4182653.06,2995387.07,106,1048385.475,1048385.475,5100000,150620
925000,4940206.19,1410753.55,267,1410753.55,1410753.55,5000000,0
1000000,4424742.27,3056020.81,242,3056020.81,3056020.81,4800000,1125900
1200000,6907216.49,2771251.94,88,290981.4537,969938.179,9000000,1722492.5
1500000,5328865.98,5112232.35,414,5112232.35,5112232.35,7200000,58795
1200000,2584693.88,763517.18,420,763517.18,763517.18,9000000,0
1500000,11063265.31,5972573.87,196,5972573.87,5972573.87,15500000,2659200
1500000,4940206.19,2322504.52,104,812876.582,812876.582,3300000,1701133.57
1500000,8654639.18,5964988.21,269,5964988.21,5964988.21,9800000,592367.5
27500000,135452500,125457578.7,172,62728789.36,125457578.7,121146866.3,2537194.52
1500000,8500000,8500000,425,8500000,8500000,10500000,0
1500000,7606250,4772979.98,82,501162.8979,1670542.993,10000000,2209785.44
1200000,3105102.04,1935277.06,318,1935277.06,1935277.06,3300000,554020
12000000,87840000,48726082.1,104,17054128.74,17054128.74,53500000,5956475
1200000,3615306.12,2572473.09,348,2572473.09,2572473.09,7800000,159162.36
1200000,3615306.12,2572473.09,348,2572473.09,2572473.09,7800000,159162.36
1200000,5228571.43,5228571.43,387,5228571.43,5228571.43,10500000,0
1200000,5228571.43,5228571.43,387,5228571.43,5228571.43,10500000,0
1500000,8022680.41,3296936.78,85,346178.3619,1153927.873,10300000,2223377.33
1200000,8053608.25,3232432.37,45,339405.3989,339405.3989,11000000,0
1300000,13201030.93,4417556.35,75,463843.4168,1546144.723,19100000,1.16E-10
1200000,4332427.82,2963455.15,231,2963455.15,2963455.15,5000000,66340
1300000,4339795.92,2418473.56,197,2418473.56,2418473.56,6000000,216200
1500000,5877777.78,3116491.44,318,3116491.44,3116491.44,7000000,145815
1200000,6391752.58,4669911.6,212,4669911.6,4669911.6,8300000,0
5000000,64499926.25,58045471.79,104,20315915.13,20315915.13,65573762.38,0
1500000,8453061.22,7875600.22,227,7875600.22,7875600.22,13000000,0
1200000,5306122.45,4950893.69,43,519843.8375,519843.8375,5200000,64630
1500000,4850000,2702615.51,183,2702615.51,2702615.51,5000000,14637.47
1500000,4850000,2702615.51,183,2702615.51,2702615.51,5000000,14637.47
1200000,7663917.53,7663917.53,51,804711.3407,804711.3407,9100000,0
1000000,5754081.63,2171861.55,90,228045.4628,760151.5425,13000000,0
1300000,5408163.27,5408163.27,104,1892857.145,1892857.145,6000000,0
11000000,39573000,28408111.11,110,9942838.889,9942838.889,42430081.54,0
11000000,39573000,28408111.11,110,9942838.889,9942838.889,42430081.54,0
1050000,5120202.02,1846189.45,226,1846189.45,1846189.45,7800000,225515
25000000,220712500,173939439.3,176,86969719.66,173939439.3,293000000,6236087.44
1000000,5405208.33,2321624.38,204,2321624.38,2321624.38,5000000,583745.5
1200000,7681632.65,2950515.88,45,309804.1674,309804.1674,10500000,501580
1200000,5864948.45,3367739.23,88,353612.6192,1178708.731,7800000,0
1200000,5864948.45,3042332.21,52,319444.8821,319444.8821,8300000,488125
1000000,6546391.75,2944901.36,167,1472450.68,2944901.36,7500000,771386.63
1200000,6019587.63,3517477.31,88,369335.1176,1231117.059,7800000,281800
1200000,6780612.24,1950336.91,78,204785.3756,682617.9185,9000000,870342.5
1500000,4331958.76,2996466.65,289,2996466.65,2996466.65,3300000,393404.22
1000000,6391752.58,2947602.6,26,103166.091,309498.273,8600000,789600
1300000,6336734.69,4991623.64,303,4991623.64,4991623.64,8600000,233412.5
1300000,9008163.27,6459803.98,363,6459803.98,6459803.98,9800000,1120727.5
1300000,8500000,3894744.65,88,408948.1883,1363160.628,11800000,1119627.87
1300000,8639794.08,5660598.29,244,5660598.29,5660598.29,5500000,632880.38
1200000,4233673.47,2324607.77,58,244083.8159,244083.8159,6500000,0
1200000,5763917.53,3939809.89,47,413680.0385,413680.0385,7000000,74630
1200000,9307142.86,4959105.62,134,1735686.967,2479552.81,15400000,0
1000000,7000000,1933394.39,110,676688.0365,676688.0365,9600000,0
950000,3737755.1,2385463,322,2385463,2385463,4000000,661320
1500000,3615306.12,4192163.06,471,4192163.06,4192163.06,3700000,56898.23
1300000,8728865.98,6866249.32,101,2403187.262,2403187.262,10500000,408900
13000000,8728865.98,6866249.32,101,2403187.262,2403187.262,10500000,408900
1300000,6019587.63,5781767.75,694,5781767.75,5781767.75,7800000,9400
1000000,11266666.67,2523672.25,58,264985.5863,264985.5863,10500000,0
1200000,8446938.78,3123362.51,88,327953.0636,1093176.879,11300000,0
1500000,5954081.63,5137106.85,175,2568553.425,5137106.85,6700000,96265
500000,6391752.58,2567383.2,121,898584.12,1283691.6,8300000,0
17000000,216000000,83875061.99,231,83875061.99,83875061.99,202704000,30467132.82
1500000,12398969.07,10322051.45,29,361271.8008,1083815.402,17500000,0
1200000,7177319.59,2441539.73,75,256361.6717,854538.9055,9000000,553885
1200000,3105102.04,2210137.56,318,2210137.56,2210137.56,3300000,188370
1500000,8219897,7854100.1,148,2748935.035,3927050.05,9600000,56915
1200000,6654081.63,4756947.01,56,499479.4361,499479.4361,8000000,392280
1500000,8022680.41,5893791.15,170,2946895.575,5893791.15,11500000,451290
1500000,5958163.27,2765730.74,136,968005.759,1382865.37,9800000,0
1300000,11265979.38,9851114.82,30,344789.0187,1034367.056,15700000,291467.78
1200000,6019587.63,3839515.75,267,3839515.75,3839515.75,4900000,1528375
1347000,9312500,6265929.82,110,2193075.437,2193075.437,10300000,1701998.75
1200000,4519387.76,2493999.21,104,872899.7235,872899.7235,4000000,292155
1000000,13989795.92,5275225.38,104,1846328.883,1846328.883,24500000,0
11000000,129999500,98737443.88,42,10367431.61,10367431.61,157500000,0
1200000,6546391.75,3443281.18,48,361544.5239,361544.5239,9300000,804735
900000,5371428.57,2988574.06,531,2988574.06,2988574.06,5000000,785605
1500000,4795876.29,4399099.61,624,4399099.61,4399099.61,6500000,83950
1200000,16572916.67,13652141.64,174,6826070.82,13652141.64,16000000,4.66E-10
1500000,10910204.08,6872575.03,197,6872575.03,6872575.03,11600000,1500257.5
1200000,6907216.49,6907216.49,353,6907216.49,6907216.49,14200000,0
1000000,3652040.82,2876097.76,74,301990.2648,1006634.216,7800000,0
1200000,9677083.33,5011735.66,54,526232.2443,526232.2443,13000000,0
1200000,4962244.9,3142102.88,302,3142102.88,3142102.88,7000000,0
1500000,11635051.55,4672641.22,104,1635424.427,1635424.427,19500000,0
1000000,4795876.29,1339207.05,242,1339207.05,1339207.05,4700000,0
1100000,4486597.94,1234943.92,242,1234943.92,1234943.92,5000000,1024825
750000,3615306.12,1023372.93,206,1023372.93,1023372.93,5000000,490595
1500000,8063265.31,6927601.2,360,6927601.2,6927601.2,11500000,24735
1000000,9015463.92,4476237.94,91,1566683.279,1566683.279,8300000,0
1200000,6019587.63,2835925.63,42,297772.1912,297772.1912,8600000,423000
1200000,6960204.08,5500371.17,70,577538.9729,1925129.91,6700000,47645
1200000,2627551.02,1868934.64,377,1868934.64,1868934.64,5200000,214757.5
1000000,7061855.67,4125265.56,104,1443842.946,1443842.946,10300000,0
1500000,6846938.78,3779627.37,228,3779627.37,3779627.37,8300000,826482.5
1300000,5473195.88,4989745.17,390,4989745.17,4989745.17,6700000,0
1200000,10347707.92,6131694.39,30,214609.3037,643827.911,12300000,0
1200000,4424742.27,1825883.91,102,639059.3685,639059.3685,3800000,171627.82
1200000,4424742.27,1825883.91,102,639059.3685,639059.3685,3800000,171627.82
1500000,5754081.63,3156463.05,289,3156463.05,3156463.05,10900000,335387.5
1200000,3141836.73,2704417.01,44,283963.7861,283963.7861,3300000,43942.5
900000,2775757.58,1471735.93,410,1471735.93,1471735.93,3000000,50492.5
500000,2584693.88,264487.5,329,264487.5,264487.5,2100000,424875
1100000,3767010.31,2575143.16,46,270390.0318,270390.0318,4200000,0
1250000,6979381.44,2836776.37,45,297861.5189,297861.5189,10500000,56122.5
717200,12840206.19,3650010.98,79,383251.1529,1277503.843,17000000,0
1200000,8098480.88,4385957.99,394,4385957.99,4385957.99,7800000,1940324.2
1200000,6511224.49,4102466.58,43,430758.9909,430758.9909,7200000,99900
1500000,6270408.16,3937905.32,197,3937905.32,3937905.32,5500000,568490
1750000,11177319.59,5852642.82,151,2926321.41,5852642.82,15500000,3716482.28
1000000,3141836.73,2012567.44,30,70439.8604,211319.5812,2400000,215916.42
1500000,14063917.53,13507951.05,76,1418334.86,4727782.868,12400000,0
1200000,8646391.75,7172236.27,61,753084.8084,2510282.695,11500000,267963.15
1200000,7148453.61,6267877,30,219375.695,658127.085,10500000,100440
1200000,6450000,5096742.41,18,178385.9844,535157.9531,8000000,0
1100000,4886734.69,4885843.83,241,4885843.83,4885843.83,6400000,0
1500000,11348453.61,9447450.57,20,330660.77,991982.3099,13000000,181527.5
1200000,7406185.57,5771414.75,88,605998.5488,2019995.163,8000000,127880
1500000,10220618.56,7509278.31,24,262824.7409,788474.2226,13800000,539925
1500000,10220618.56,7509278.31,24,262824.7409,788474.2226,13800000,539925
1500000,10220618.56,7509278.31,24,262824.7409,788474.2226,13800000,539925
1500000,10220618.56,7509278.31,24,262824.7409,788474.2226,13800000,539925
1200000,10181632.65,7279041.72,61,764299.3806,2547664.602,12500000,947957.62
1500000,6450000,4611020.18,9,161385.7063,484157.1189,7800000,0
1250000,3407142.86,2165717.42,75,227400.3291,758001.097,5000000,189120
1200000,10663917.53,10223885.48,27,357835.9918,1073507.975,12000000,104065
1400000,6981443.3,6395464.55,45,671523.7778,671523.7778,8000000,15720
15306200,93789000,86131349.02,41,9043791.647,9043791.647,92185000,0
1500000,6208247.42,4586562.96,74,481589.1108,1605297.036,4700000,265735
1500000,6208247.42,4586562.96,74,481589.1108,1605297.036,4700000,265735
1200000,7663917.53,7663917.53,257,7663917.53,7663917.53,13000000,0
16000000,126000000,117915776.5,152,58957888.25,117915776.5,145140000,1032600
1500000,3192857.14,2981469.52,288,2981469.52,2981469.52,3300000,41590
1200000,7251546.39,4932160.59,51,517876.862,517876.862,8000000,922912.5
10000000,51650000,45204786.47,58,4746502.579,4746502.579,90047808,0
1500000,7839175.26,6137268,132,2148043.8,3068634,11800000,0
1200000,9414432.99,8655584.83,69,908836.4072,3029454.691,11800000,213005
1300000,6898969.07,4723421.13,54,495959.2187,495959.2187,9500000,477840
1200000,2963636.36,2518142.63,221,2518142.63,2518142.63,4000000,0
1200000,6981443.3,5099944.83,81,535494.2072,1784980.691,8800000,278960
1500000,9692783.51,7121222.61,80,747728.3741,2492427.914,13800000,1225720
1200000,2812121.21,1491059.12,134,521870.692,745529.56,3300000,0
1200000,4886734.69,1883165.17,44,197732.3429,197732.3429,7000000,390712.5
1300000,4233673.47,4233673.47,227,4233673.47,4233673.47,7800000,0
1400000,13159183.67,13159183.67,202,13159183.67,13159183.67,18500000,0
1200000,4233673.47,3644700.92,57,382693.5966,382693.5966,4000000,0
1500000,4354639.18,3994459.29,112,1398060.752,1398060.752,6100000,0
1500000,4233673.47,3334512.6,177,1667256.3,3334512.6,5500000,15365
10204100,59400000,50677016.81,21,1773695.588,5321086.765,70625234.08,714735
1300000,2621428.57,2265158.91,182,2265158.91,2265158.91,4800000,12555
10000000,44589000,35603632.73,23,1246127.146,3738381.437,99495085.94,0
1200000,5265306.12,2903365.23,73,304853.3492,1016177.831,8300000,0
1200000,4743877.55,1804451.5,82,189467.4075,631558.025,7800000,565140
1500000,4743877.55,3375697.62,113,1181494.167,1181494.167,5000000,195675
1000000,7148453.61,5951441.35,29,208300.4473,624901.3418,10000000,58590
1500000,4376530.61,4083509.1,45,428768.4555,428768.4555,6000000,57437.5
1200000,6511224.49,3019916.34,43,317091.2157,317091.2157,8600000,471510
500000,3105102.04,1452386.16,121,508335.156,726193.08,3500000,0
1330000,6011340.21,4706016.5,83,494131.7325,1647105.775,9300000,411700
1250000,6011340.21,3481549.16,47,365562.6618,365562.6618,8300000,0
1200000,7509278.35,4712800.11,73,494844.0116,1649480.039,10300000,1409672.5
1500000,3652040.82,2599001.05,197,2599001.05,2599001.05,4000000,5677.5
1400000,8534693.88,6101422.04,56,640649.3142,640649.3142,10300000,368384.43
1100000,4335714.29,2392735.04,73,251237.1792,837457.264,4500000,0
1300000,3921649.48,3061678.03,104,1071587.311,1071587.311,4500000,426217.5
1250000,7053608.25,4829797.1,22,169042.8985,507128.6955,10500000,791300
1500000,4039393.94,4039393.94,118,1413787.879,1413787.879,4900000,0
1200000,5933673.47,5534265.87,48,581097.9164,581097.9164,5700000,46875
1200000,5933673.47,5534265.87,48,581097.9164,581097.9164,5700000,46875
1200000,5939175.26,4019088.82,43,422004.3261,422004.3261,12000000,0
1200000,7950515.46,4988175.85,90,523758.4643,1745861.548,13500000,0
1200000,3264285.71,2338225.17,198,2338225.17,2338225.17,5000000,138400
1200000,5882653.06,5075004.72,43,532875.4956,532875.4956,7000000,157972.5
1200000,6723711.34,4573754.68,50,480244.2414,480244.2414,7800000,0
1000000,4233673.47,1980188.59,43,207919.802,207919.802,5000000,184170
1200000,8574226.8,6258836.93,76,657177.8777,2190592.926,13000000,645180
1400000,7987755.1,7449858.2,57,782235.111,782235.111,10500000,0
1200000,9362886.6,5375152.79,47,564391.043,564391.043,11400000,942730
1400000,9259793.81,6381381.49,109,2233483.522,2233483.522,11400000,732087.5
1200000,9225510.2,3342808.22,75,350994.8631,1169982.877,11400000,1470462.5
1500000,9259793.81,9238210.53,60,970012.1057,970012.1057,11500000,0
1300000,4878438,3336923.9,100,1167923.365,1167923.365,7200000,642640
1200000,7509278.35,4305012.3,47,452026.2915,452026.2915,10300000,0
1000000,9259793.81,7282802.75,88,764694.2888,2548980.963,13000000,299837.5
15000000,107950000,104310733.3,175,52155366.67,104310733.3,95864400,0
1500000,7767010.31,6809789.52,25,238342.6332,715027.8996,8800000,118170
1500000,10136082.47,6894499.2,107,2413074.72,2413074.72,15300000,0
1000000,4743877.55,2617243.86,120,916035.351,916035.351,8300000,0
1200000,12244329.9,8932450.41,76,937907.2931,3126357.644,22100000,0
1200000,4870103.09,4672360.12,29,163532.6042,490597.8126,2800000,48230
1700000,13238709.59,13238709.59,79,1390064.507,4633548.357,17500000,0
1300000,7632989.69,7005521.82,42,735579.7911,735579.7911,8000000,84752.5
1200000,8534693.88,7943277.34,46,834044.1207,834044.1207,10900000,56712.5
1500000,2973514.41,2752766.36,106,963468.226,963468.226,3300000,0
1500000,8096907.22,7080280.91,16,247809.8319,743429.4956,12800000,93000
1200000,6817346.94,6247390.32,27,218658.6612,655975.9836,8500000,0
1500000,6405050.51,2309420.67,50,242489.1704,242489.1704,9800000,413510
1020500,7987755.1,7449858.2,30,260745.037,782235.111,10900000,121945
10000000,27997500,20272094.89,39,2128569.963,2128569.963,32488000,651554.33
1500000,6826804.12,4354161.48,73,457186.9554,1523956.518,10300000,1052675
1200000,10220618.56,8002249.97,90,840236.2469,2800787.49,15300000,0
1200000,5612244.9,5585598.27,60,586487.8184,586487.8184,6000000,0
1300000,6332088.25,4317477.49,74,453335.1365,1511117.122,8000000,1042450
1500000,5204081.63,4767875.64,134,1668756.474,2383937.82,6900000,68937.5
2500000,11348453.61,9930955.19,83,1042750.295,3475834.317,17000000,1221539.68
10204100,45832000,44870151.07,44,4711365.862,4711365.862,72500000,0
1300000,12398969.07,11908778.87,26,416807.2605,1250421.781,13400000,0
1500000,8146938.78,5824848.7,50,611609.1135,611609.1135,9300000,94380
1200000,6981443.3,6693321.23,104,2342662.431,2342662.431,9300000,0
1200000,9929896.91,9520213.26,43,999622.3923,999622.3923,13500000,0
1200000,9929896.91,9520213.26,43,999622.3923,999622.3923,13500000,0
1400000,5408163.27,5408163.27,73,567857.1434,1892857.145,7000000,0
1200000,6960204.08,6960204.08,46,730821.4284,730821.4284,8300000,0
1200000,6960204.08,6960204.08,46,730821.4284,730821.4284,8300000,0
1400000,4886734.69,4216588.73,228,4216588.73,4216588.73,7200000,419005
1200000,7547855.84,7521658.98,60,789774.1929,789774.1929,9000000,0
1200000,7334693.88,5759433.11,50,604740.4766,604740.4766,7100000,288750
1500000,10818556.7,7423725.69,74,779491.1975,2598303.992,12500000,2090947.5
1000000,2927551.02,1629210.15,109,570223.5525,570223.5525,5000000,0
1200000,8986597.94,7835461.94,43,822723.5037,822723.5037,11500000,175370
1200000,8986597.94,7835461.94,43,822723.5037,822723.5037,11500000,175370
1200000,7844897.96,6159776.9,54,646776.5745,646776.5745,11500000,24060
1200000,10136082.47,8376578.58,19,293180.2503,879540.7509,14700000,217690
1200000,8192783.51,7869003.82,22,275415.1337,826245.4011,8500000,92727.5
1500000,3264285.71,2819005.61,70,295995.5891,986651.9635,4900000,51900
1200000,4509278.35,4136565.88,242,4136565.88,4136565.88,4500000,0
1500000,7181632.65,3335093.09,91,1167282.582,1167282.582,9600000,0
1500000,10870103.09,9957887.11,140,3485260.489,4978943.555,15000000,0
1500000,7834693.88,7307176.44,104,2557511.754,2557511.754,9800000,0
1200000,7477551.02,7477551.02,43,785142.8571,785142.8571,9000000,0
1200000,8381632.65,7201062.58,80,756111.5709,2520371.903,10800000,0
1200000,8381632.65,7201062.58,80,756111.5709,2520371.903,10800000,0
1200000,11400000,7744491.66,91,2710572.081,2710572.081,19500000,0
1500000,4886734.69,3499471.43,134,1224815.001,1749735.715,15000000,186300
500000,4743877.55,2617243.86,119,916035.351,916035.351,12000000,0
1500000,3774489.8,2986852.31,73,313619.4926,1045398.309,4500000,114000
1200000,3652040.82,3402301.73,43,357241.6817,357241.6817,2400000,0
1500000,2616977.91,1560991.29,104,546346.9515,546346.9515,2400000,251782.5
10000000,55250000,47130635.52,70,4948716.73,16495722.43,60250000,0
1500000,10002061.86,9179381.28,19,321278.3448,963835.0344,12300000,114825
1500000,7987755.1,3765684.97,91,1317989.74,1317989.74,11500000,672800
1000000,4743877.55,2216877.01,61,232772.0861,775906.9535,8300000,0
1200000,8024742.27,7351419.26,60,771899.0223,771899.0223,9000000,81337.5
1200000,3652040.82,2876097.76,208,2876097.76,2876097.76,5000000,17032.5
1200000,4376530.61,3134164.61,167,1567082.305,3134164.61,6500000,285010
1300000,6960204.08,5500371.17,109,1925129.91,1925129.91,7500000,150265
1300000,6960204.08,5500371.17,109,1925129.91,1925129.91,7500000,150265
1200000,7148453.61,6267877,51,658127.085,658127.085,9500000,0
1200000,5403092.78,4477394.42,76,470126.4141,1567088.047,6900000,49380
1500000,6307142.86,3454697.54,111,1209144.139,1209144.139,10500000,419250
1300000,5408163.27,3451589.07,129,1208056.175,1725794.535,6900000,382310
1300000,5790816.33,2679608.02,91,937862.807,937862.807,13800000,0
1200000,5156565.66,2734209.26,165,1367104.63,2734209.26,4900000,370312.5
1200000,6511224.49,5594401.17,43,587412.1229,587412.1229,10400000,49950
1200000,9517525.77,8718858.31,43,915480.1226,915480.1226,11500000,17862.5
1500000,11193814.43,10249086.15,143,3587180.153,5124543.075,13000000,319200
12000000,49790000,45725896.09,167,22862948.05,45725896.09,125617570,0
1000000,3805102.04,1772594.42,76,186122.4141,620408.047,4000000,372002.5
1000000,6398979.59,5830744.28,197,5830744.28,5830744.28,8300000,168500
1200000,7921649.48,4963950.19,43,521214.77,521214.77,9800000,599590
1200000,6065656.57,2187037.31,169,1093518.655,2187037.31,9000000,0
1500000,5994897.96,3776725.45,139,1321853.908,1888362.725,11400000,0
1500000,9044897.96,8435936.76,152,4217968.38,8435936.76,10800000,129116.72
1500000,6307142.86,3459697.54,120,1210894.139,1210894.139,10000000,645000
1500000,6307142.86,3459697.54,120,1210894.139,1210894.139,10000000,645000
1200000,5663265.31,5284234.63,22,184948.2121,554844.6362,7200000,0
1300000,8192783.51,6443710.39,137,2255298.637,3221855.195,9800000,459940
1200000,7148453.61,4927063.54,61,517341.6717,1724472.239,9500000,476277.45
1500000,4810204.08,4147202.37,13,145152.083,435456.2489,7800000,129070
1331300,7987755.1,5710573.92,89,599610.2616,1998700.872,14700000,511830
19000000,175893000,149117770.5,43,15657365.9,15657365.9,164500000,0
19000000,175893000,149117770.5,43,15657365.9,15657365.9,164500000,0
1500000,3090816.33,2886141.54,22,101014.9539,303044.8617,5500000,0
1500000,3090816.33,2886141.54,22,101014.9539,303044.8617,5500000,0
1500000,10072448.98,7959433.72,99,2785801.802,2785801.802,13400000,0
1500000,10072448.98,7959433.72,99,2785801.802,2785801.802,13400000,0
1300000,7993814.43,5059672.01,24,177088.5204,531265.5611,12300000,0
1250000,6960204.08,6005234.34,59,630549.6057,630549.6057,9600000,0
1350000,3713265.31,3201379.9,238,3201379.9,3201379.9,4000000,50570
1500000,6723711.34,4912646.59,105,1719426.307,1719426.307,10300000,707000
10000000,42749772.21,37705314.97,106,13196860.24,13196860.24,35693200,0
12500000,46800000,43870338.59,61,4606385.552,15354618.51,67002000,0
1200000,9620618.56,8388658.57,54,880809.1499,880809.1499,13000000,0
1500000,7406185.57,7113435.07,208,7113435.07,7113435.07,10800000,11560
1500000,11972448.98,9400763.97,105,3290267.39,3290267.39,12400000,85680
10000000,73950000,64533111.08,39,6775976.663,6775976.663,95606700,0
1200000,13290721.65,10980382.46,55,1152940.158,1152940.158,29000000,568575
1500000,4743877.55,3735192.45,111,1307317.358,1307317.358,5000000,226090
1500000,4743877.55,3735192.45,111,1307317.358,1307317.358,5000000,226090
1500000,4560824.74,3116334.98,83,327215.1729,1090717.243,7000000,0
1200000,6775257.73,5907718.01,51,620310.3911,620310.3911,7800000,91530
1200000,5714285.71,5331899.19,51,559849.415,559849.415,7200000,0
1300000,9620618.56,7949960.98,61,834745.9029,2782486.343,11500000,0
1500000,6817346.94,5353029.99,91,1873560.497,1873560.497,8300000,79854.63
1200000,5816326.53,5816326.53,104,2035714.286,2035714.286,6700000,0
1200000,5816326.53,5816326.53,104,2035714.286,2035714.286,6700000,0
9000000,24377500,21959913.74,42,2305790.943,2305790.943,120750000,0
1500000,10136082.47,7405046.28,115,2591766.198,2591766.198,15300000,0
900000,6879797.98,1260361.82,122,441126.637,630180.91,14000000,0
1200000,8453061.22,6658565.14,29,233049.7799,699149.3397,11300000,127164.07
1200000,7148453.61,6572344.08,214,6572344.08,6572344.08,11300000,228716.81
1000000,4886734.69,4856398.4,27,169973.944,509921.832,7000000,0
1200000,10375257.73,9956106.36,16,348463.7226,1045391.168,12000000,103220
1000000,3652040.82,2015154.17,13,70530.39595,211591.1879,4000000,263057.5
8163300,38122000,36686697.84,61,3852103.273,12840344.24,42981121.56,0
1200000,8728865.98,8025576.61,212,8025576.61,8025576.61,9800000,0
1500000,8192783.51,5969547,106,2089341.45,2089341.45,12800000,986315
1200000,7663917.53,6027696,46,632908.08,632908.08,8500000,337670
1100000,6035714.29,5207425.8,19,182259.903,546779.709,6700000,0
1230000,4421649.48,4061972.01,119,1421690.204,1421690.204,4100000,82578.04
1200000,8259183.67,8259183.67,51,867214.2854,867214.2854,10800000,0
1500000,4335714.29,3085828.82,106,1080040.087,1080040.087,2600000,128107.5
1200000,5790816.33,5389542.3,44,565901.9415,565901.9415,9000000,0
1500000,3652040.82,2876097.76,134,1006634.216,1438048.88,3300000,34065
1200000,5469387.76,3892626.29,54,408725.7605,408725.7605,7800000,34020
1000000,6858163.27,6849945.61,61,719244.2891,2397480.964,7200000,0
1200000,6040206.19,2815401.32,82,295617.1386,985390.462,8000000,0
12250000,41173000,26990658.92,39,2834019.187,2834019.187,61500000,0
14300000,99416000,95400914.61,231,95400914.61,95400914.61,92185000,0
1500000,9970408.16,9970408.16,24,348964.2856,1046892.857,12000000,0
1500000,6515306.12,1897132.39,391,1897132.39,1897132.39,4700000,644210
1200000,9775257.73,9775257.73,25,342134.0206,1026402.062,13000000,0
1200000,7844897.96,7844897.96,17,274571.4286,823714.2858,13000000,0
10210000,40000000,40000000,11,1400000,4200000,35693200,0
12500000,67850000,55794474.49,830,55794474.49,55794474.49,73500000,1031100
1500000,9729591.84,1936455.43,355,1936455.43,1936455.43,8300000,1699107.5
12500000,63930000,59780570.86,679,59780570.86,59780570.86,63250000,1860270
1100000,8207547.09,1856148.13,271,1856148.13,1856148.13,6500000,1254035
12250000,133504000,85594427.45,3097,85594427.45,85594427.45,65500000,0
11000000,195509000,62402108.56,54,6552221.399,6552221.399,141219600,20783097.5
10000000,70550000,21439427.34,134,7503799.569,10719713.67,63860000,9315691.07
